,fold,left_out_subject,n_val_blocks,best_epoch,n_val,val_acc,val_macro_f1,cm_pro_
0,0,1,30,200,30,0.9333333333333333,0.9350649350649352,"[[5 0 1 0 0]
 [0 6 0 0 0]
 [0 0 6 0 0]
 [0 0 1 5 0]
 [0 0 0 0 6]]"
1,1,2,40,200,40,1.0,1.0,"[[8 0 0 0 0]
 [0 8 0 0 0]
 [0 0 8 0 0]
 [0 0 0 8 0]
 [0 0 0 0 8]]"
2,2,3,95,200,95,1.0,1.0,"[[19  0  0  0  0]
 [ 0 19  0  0  0]
 [ 0  0 19  0  0]
 [ 0  0  0 19  0]
 [ 0  0  0  0 19]]"
3,3,4,15,200,15,1.0,1.0,"[[3 0 0 0 0]
 [0 3 0 0 0]
 [0 0 3 0 0]
 [0 0 0 3 0]
 [0 0 0 0 3]]"
4,4,5,15,200,15,0.9333333333333333,0.9314285714285713,"[[2 0 0 0 1]
 [0 3 0 0 0]
 [0 0 3 0 0]
 [0 0 0 3 0]
 [0 0 0 0 3]]"
5,5,6,15,200,15,1.0,1.0,"[[3 0 0 0 0]
 [0 3 0 0 0]
 [0 0 3 0 0]
 [0 0 0 3 0]
 [0 0 0 0 3]]"
6,6,7,15,200,15,1.0,1.0,"[[3 0 0 0 0]
 [0 3 0 0 0]
 [0 0 3 0 0]
 [0 0 0 3 0]
 [0 0 0 0 3]]"
7,7,8,15,200,15,1.0,1.0,"[[3 0 0 0 0]
 [0 3 0 0 0]
 [0 0 3 0 0]
 [0 0 0 3 0]
 [0 0 0 0 3]]"
8,8,9,15,200,15,1.0,1.0,"[[3 0 0 0 0]
 [0 3 0 0 0]
 [0 0 3 0 0]
 [0 0 0 3 0]
 [0 0 0 0 3]]"
9,9,10,40,200,40,1.0,1.0,"[[8 0 0 0 0]
 [0 8 0 0 0]
 [0 0 8 0 0]
 [0 0 0 8 0]
 [0 0 0 0 8]]"
10,10,11,25,200,25,1.0,1.0,"[[5 0 0 0 0]
 [0 5 0 0 0]
 [0 0 5 0 0]
 [0 0 0 5 0]
 [0 0 0 0 5]]"
11,11,12,25,200,25,1.0,1.0,"[[5 0 0 0 0]
 [0 5 0 0 0]
 [0 0 5 0 0]
 [0 0 0 5 0]
 [0 0 0 0 5]]"
12,12,13,25,200,25,1.0,1.0,"[[5 0 0 0 0]
 [0 5 0 0 0]
 [0 0 5 0 0]
 [0 0 0 5 0]
 [0 0 0 0 5]]"
13,13,14,25,200,25,1.0,1.0,"[[5 0 0 0 0]
 [0 5 0 0 0]
 [0 0 5 0 0]
 [0 0 0 5 0]
 [0 0 0 0 5]]"
14,14,15,25,200,25,1.0,1.0,"[[5 0 0 0 0]
 [0 5 0 0 0]
 [0 0 5 0 0]
 [0 0 0 5 0]
 [0 0 0 0 5]]"
15,15,16,50,200,50,1.0,1.0,"[[10  0  0  0  0]
 [ 0 10  0  0  0]
 [ 0  0 10  0  0]
 [ 0  0  0 10  0]
 [ 0  0  0  0 10]]"
16,16,17,25,200,25,1.0,1.0,"[[5 0 0 0 0]
 [0 5 0 0 0]
 [0 0 5 0 0]
 [0 0 0 5 0]
 [0 0 0 0 5]]"
17,17,18,25,200,25,1.0,1.0,"[[5 0 0 0 0]
 [0 5 0 0 0]
 [0 0 5 0 0]
 [0 0 0 5 0]
 [0 0 0 0 5]]"
18,18,19,25,200,25,1.0,1.0,"[[5 0 0 0 0]
 [0 5 0 0 0]
 [0 0 5 0 0]
 [0 0 0 5 0]
 [0 0 0 0 5]]"
19,19,20,25,200,25,1.0,1.0,"[[5 0 0 0 0]
 [0 5 0 0 0]
 [0 0 5 0 0]
 [0 0 0 5 0]
 [0 0 0 0 5]]"
20,20,21,25,200,25,1.0,1.0,"[[5 0 0 0 0]
 [0 5 0 0 0]
 [0 0 5 0 0]
 [0 0 0 5 0]
 [0 0 0 0 5]]"
21,21,22,30,200,30,1.0,1.0,"[[6 0 0 0 0]
 [0 6 0 0 0]
 [0 0 6 0 0]
 [0 0 0 6 0]
 [0 0 0 0 6]]"
